track,prompt,num_samples,base_winrate_soft,covt_winrate_soft,base_winrate_strict,covt_winrate_strict,ties,tie_rate
B,P10,50,0.540000,0.460000,0.540000,0.460000,0,0.000000
B,P11,50,0.740000,0.260000,0.740000,0.260000,0,0.000000
B,P12,50,0.470000,0.530000,0.469388,0.530612,1,0.020000
B,P13,50,0.600000,0.400000,0.600000,0.400000,0,0.000000
B,P7,50,0.340000,0.660000,0.333333,0.666667,2,0.040000
B,P8,50,0.420000,0.580000,0.416667,0.583333,2,0.040000
B,P9,50,0.460000,0.540000,0.460000,0.540000,0,0.000000
