track,prompt,num_samples,base_winrate_soft,covt_winrate_soft,base_winrate_strict,covt_winrate_strict,ties,tie_rate
B,P10,50,0.690000,0.310000,0.711111,0.288889,5,0.100000
B,P11,50,0.510000,0.490000,0.510638,0.489362,3,0.060000
B,P12,50,0.550000,0.450000,0.551020,0.448980,1,0.020000
B,P7,50,0.590000,0.410000,0.600000,0.400000,5,0.100000
B,P8,50,0.400000,0.600000,0.386364,0.613636,6,0.120000
B,P9,50,0.590000,0.410000,0.595745,0.404255,3,0.060000
