track,prompt,num_samples,base_winrate_soft,covt_winrate_soft,base_winrate_strict,covt_winrate_strict,ties,tie_rate
B,P0,50,0.670000,0.330000,0.697674,0.302326,7,0.140000
B,P1,50,0.660000,0.340000,0.660000,0.340000,0,0.000000
B,P2,50,0.630000,0.370000,0.638298,0.361702,3,0.060000
B,P3,50,0.580000,0.420000,0.580000,0.420000,0,0.000000
B,P4,50,0.520000,0.480000,0.520000,0.480000,0,0.000000
B,P5,50,0.470000,0.530000,0.468085,0.531915,3,0.060000
B,P6,50,0.460000,0.540000,0.460000,0.540000,0,0.000000
B,P7,50,0.290000,0.710000,0.285714,0.714286,1,0.020000
