track,prompt,num_samples,base_winrate,covt_winrate,ties
B,P0,50,0.690000,0.310000,7
B,P1,50,0.700000,0.300000,0
B,P2,50,0.620000,0.380000,4
B,P3,50,0.560000,0.440000,0
B,P4,50,0.510000,0.490000,3
B,P5,50,0.500000,0.500000,6
B,P6,50,0.400000,0.600000,0
