track,prompt,num_samples,base_winrate_soft,covt_winrate_soft,base_winrate_strict,covt_winrate_strict,ties,tie_rate
B,P13,50,0.440000,0.560000,0.428571,0.571429,8,0.160000
B,P14,50,0.520000,0.480000,0.527778,0.472222,14,0.280000
B,P15,50,0.510000,0.490000,0.511628,0.488372,7,0.140000
B,P16,50,0.480000,0.520000,0.476190,0.523810,8,0.160000
