{"seg_loss": 1.537889003753662, "_timestamp": 1763883989.0766578, "_runtime": 94.636314868927, "_step": 24, "dino_loss": 1.109375, "depth_loss": 0.985657274723053, "train/loss": 8.5524, "train/grad_norm": 3263.8956195361084, "train/learning_rate": 0.0, "train/epoch": 2.6981692921352862e-05, "train/global_step": 6, "train_runtime": 95.6574, "train_samples_per_second": 0.251, "train_steps_per_second": 0.063, "total_flos": 284530548736.0, "train_loss": 8.275362173716227, "_wandb": {"runtime": 124}}