{"depth_loss": 1.0011446475982666, "_timestamp": 1763885068.1700568, "_runtime": 103.48581981658936, "_step": 12, "train/loss": 3.7485, "train/grad_norm": 603.4408035862817, "train/learning_rate": 0.0, "train/epoch": 5.39631431732127e-05, "train/global_step": 6, "train_runtime": 104.3975, "train_samples_per_second": 0.46, "train_steps_per_second": 0.057, "total_flos": 585155272704.0, "train_loss": 4.920466979344686, "_wandb": {"runtime": 161}}