{"seg_loss": 1.3959128856658936, "_timestamp": 1763881481.0845864, "_runtime": 121.91319346427917, "_step": 40, "dino_loss": 1.125, "depth_loss": 1.3100292682647705, "train/loss": 6.3074, "train/grad_norm": 2080.6023261098994, "train/learning_rate": 0.0, "train/epoch": 4.496948820225477e-05, "train/global_step": 10, "train_runtime": 122.9535, "train_samples_per_second": 0.325, "train_steps_per_second": 0.081, "total_flos": 479559688192.0, "train_loss": 7.786589002609253, "_wandb": {"runtime": 158}}