{"train/loss": 15.9053, "train/grad_norm": 3214.928412678126, "train/learning_rate": 2.0000000000000003e-06, "train/epoch": 3.597559056180382e-05, "train/global_step": 8, "_timestamp": 1763878436.2580252, "_runtime": 35.87884211540222, "_step": 7}