track,prompt,num_samples,base_winrate,covt_winrate,ties
A,P0,50,0.540000,0.460000,0
A,P1,50,0.720000,0.280000,0
A,P2,50,0.520000,0.480000,0
A,P3,50,0.400000,0.600000,2
B,P0,40,0.500000,0.500000,0
B,P1,40,0.625000,0.375000,0
B,P2,40,0.550000,0.450000,0
B,P3,40,0.437500,0.562500,1
C,P0,5,0.800000,0.200000,0
C,P1,5,0.800000,0.200000,0
C,P2,5,1.000000,0.000000,0
C,P3,5,0.200000,0.800000,0
