{"train/loss": 8.7164, "train/grad_norm": 871.3552074591233, "train/learning_rate": 6.5000000000000004e-06, "train/epoch": 0.0001169206693258624, "train/global_step": 26, "_timestamp": 1763880744.29931, "_runtime": 81.0253210067749, "_step": 25}