{"depth_loss": 1.2087860107421875, "_timestamp": 1763885439.3645508, "_runtime": 117.32536387443542, "_step": 18, "train/loss": 11.5724, "train/grad_norm": 16.651178397488305, "train/learning_rate": 0.0, "train/epoch": 8.993857195535449e-05, "train/global_step": 10, "train_runtime": 118.0135, "train_samples_per_second": 0.678, "train_steps_per_second": 0.085, "total_flos": 966303080448.0, "train_loss": 14.519532012939454, "_wandb": {"runtime": 175}}