{"seg_loss": 5.556560516357422, "_timestamp": 1763884333.993063, "_runtime": 112.44636106491089, "_step": 34, "dino_loss": 1.109375, "depth_loss": 0.0, "train/loss": 3.4868, "train/grad_norm": 17.1236248472574, "train/learning_rate": 0.0, "train/epoch": 4.496948820225477e-05, "train/global_step": 10, "train_runtime": 113.4197, "train_samples_per_second": 0.353, "train_steps_per_second": 0.088, "total_flos": 465583968256.0, "train_loss": 16.098795413970947, "_wandb": {"runtime": 146}}